工具类别,工具名称,简介,官网链接,Logo链接,Logo本地路径
AI创新工具,豆包,字节跳动推出的免费AI智能助手,http://ai-w3cschool.com,https://ai-bot.cn/wp-content/uploads/2023/08/doubao-icon.png,E:\PNG\site-4189.png
AI创新工具,即梦AI,字节跳动推出的一站式AI创作平台,https://jimeng.jianying.com/,https://ai-bot.cn/wp-content/uploads/2024/10/jimeng-logo-1.png,E:\PNG\site-17772.png
AI创新工具,扣子PPT,免费一键生成精美PPT,https://www.coze.cn/s/NvLQGqfiwSk,https://ai-bot.cn/wp-content/uploads/2023/12/coze-ai-icon.png,E:\PNG\site-56314.png
AI创新工具,AiPPT,AI快速生成高质量PPT,https://www.aippt.cn/?utm_type=Navweb&utm_source=ai-bot&utm_page=aippt&utm_plan=ppt&utm_unit=AIPPT&utm_keyword=50608,https://ai-bot.cn/wp-content/uploads/2025/05/AiPPT-logo-0526.png,E:\PNG\site-2644.png
AI搜索引擎,秘塔AI搜索,最好用的AI搜索工具，没有广告，直达结果,https://metaso.cn/?s=aibot1&referrer_s=aibot1,https://ai-bot.cn/wp-content/uploads/2024/06/metaso-ai-search-icon.png,E:\PNG\site-9499.png
AI编程工具,TRAE编程,字节跳动推出的免费AI编程工具，基于Claude模型,https://www.trae.cn/?utm_source=advertising&utm_medium=aibot_ug_cpa&utm_term=hw_trae_aibot,https://ai-bot.cn/wp-content/uploads/2025/07/trae.ai-logo.png,E:\PNG\site-39108.png
,,,,,
AI创新工具,美图设计室,AI图像创作和设计平台,https://www.designkit.com/tools?channel=10026,https://ai-bot.cn/wp-content/uploads/2023/04/meitu-ai-ppt.jpg,E:\PNG\site-2400.png
AI营销工具,绘蛙,AI电商营销工具，免费生成商品图,https://ihuiwa.paluai.com/aibot,https://ai-bot.cn/wp-content/uploads/2024/03/ihuiwa-icon.png,E:\PNG\site-9195.png
AI数据分析,办公小浣熊,最强AI数据分析助手,https://www.xiaohuanxiong.com/login?utm_source=blmay1,https://ai-bot.cn/wp-content/uploads/2023/12/sensetime-raccoon-code-icon.png,E:\PNG\site-8516.png
AI创新工具,讯飞星辰Agent,科大讯飞推出的AI智能体开发平台,https://agent.xfyun.cn/home?ch=xcagent-aitool1,https://ai-bot.cn/wp-content/uploads/2025/04/xunfei-xingchen-agent-logo-1.jpg,E:\PNG\site-50068.png
AI创新工具,稿定AI设计,一站式AI设计与灵感创作平台,https://www.gaoding.com/utms/d44f184224104cd5a6705762888408ca,https://ai-bot.cn/wp-content/uploads/2023/05/gaoding-design-icon.png,E:\PNG\site-48847.png
AI创新工具,Opera Neon,Opera推出的全新AI Agent浏览器,https://www.operaneon.com/?utm_source=ai-bot.cn,https://ai-bot.cn/wp-content/uploads/2025/10/Opera-Neon-website-2.png,E:\PNG\site-64120.png
AI搜索引擎,找我呀,本地AI知识助手，文件搜索和智能问答工具,http://www.findme.net.cn?utm_source=ai-bot.cn,https://ai-bot.cn/wp-content/uploads/2025/09/Findme-icon.png,E:\PNG\site-63755.png
AI创新工具,爱派AiPy,本地Manus、国内能用、内网能用，开源免费,https://www.aipyaipy.com/?utm_source=ai-bot.cn,https://ai-bot.cn/wp-content/uploads/2025/09/AiPy-website-2-1.png,E:\PNG\site-63774.png
AI创新工具,萌动AI,全球首个二次元/动漫专用 AI 创作工具,https://www.animon.com?vd=qFokWH,https://ai-bot.cn/wp-content/uploads/2025/09/Animon-logo.png,E:\PNG\site-63694.png
AI创新工具,Ai好记,功能强大的AI多模态知识库,https://aihaoji.com/zh?utm_source=aibot-cn&utm_medium=referral,https://ai-bot.cn/wp-content/uploads/2025/09/aihaoji-website1.png,E:\PNG\site-63427.png
AI创新工具,Calicat,ProcessOn团队推出的一站式产设研协作平台,https://www.calicat.cn/?utm_source=ai-bot.cn,https://ai-bot.cn/wp-content/uploads/2025/09/Calicat-AI-logo.png,E:\PNG\site-63488.png
AI写作工具,蛙蛙写作,AI小说和内容创作工具,https://wawawriter.com/app/?utm_source=aigongjuji,https://ai-bot.cn/wp-content/uploads/2025/07/wawa-logo.png,E:\PNG\site-8204.png
AI写作工具,讯飞绘文,免费AI写作工具，5分钟生成一篇原创稿！,https://turbodesk.xfyun.cn/client-pro?channelid=aitool1,https://ai-bot.cn/wp-content/uploads/2024/08/turbodesk-logo.png,E:\PNG\site-6242.png
AI写作工具,笔灵AI写作,面向专业写作领域的AI写作工具,https://ibiling.cn/?from=ai-bot,https://ai-bot.cn/wp-content/uploads/2023/07/ibiling-icon.png,E:\PNG\site-3448.png
AI学习资源,新华妙笔,新华社推出的体制内办公学习平台,https://miaobi.xinhuaskl.com/?channel=shuzhi,https://ai-bot.cn/wp-content/uploads/2023/12/xinhua-miaobi-icon.png,E:\PNG\site-6498.png
AI创新工具,笔灵AI小说,笔灵推出的AI小说生成和创作工具,https://ibiling.cn/novel-workbench/?from=aibotnovel,https://ai-bot.cn/wp-content/uploads/2024/09/biling-novel-logo.png,E:\PNG\site-22626.png
AI写作工具,讯飞文书,国产大模型AI公文写作工具,https://gw.iflydocs.com/?from=aibot,https://ai-bot.cn/wp-content/uploads/2025/01/gw-iflydocs-logo.png,E:\PNG\site-9440.png
AI写作工具,稿定AI文案,小红书、公众号、短视频AI文案生成工具,https://www.gaoding.com/utms/cd3cc3a1cb0149d3bfc4a71b5e157098,https://ai-bot.cn/wp-content/uploads/2023/05/gaoding-design-icon.png,E:\PNG\site-49483.png
AI写作工具,Paperpal,英文论文写作助手,https://www.editage.cn/paperpal?utm_source=ai-bot&utm_medium=Banner&utm_campaign=Banner,https://ai-bot.cn/wp-content/uploads/2024/01/paperpal-icon.png,E:\PNG\site-7794.png
AI写作工具,笔目鱼,专业英文论文写作器,https://www.bmysci.com/?channelCode=aibotad,https://ai-bot.cn/wp-content/uploads/2025/06/bmysci-logo.png,E:\PNG\site-53972.png
AI写作工具,稿易AI论文,AI论文写作助手，免费生成2000字大纲,https://gaoyiai.com,https://ai-bot.cn/wp-content/uploads/2025/01/gaoyiai-logo.png,E:\PNG\site-36409.png
AI创新工具,千笔AI论文,全网首家论文无限改稿平台,https://www.qianbixiezuo.com/?pic=g5DP,https://ai-bot.cn/wp-content/uploads/2024/01/aipaperpass-icon.png,E:\PNG\site-7358.png
AI写作工具,66AI论文,高质量、低查重、低AIGC率的AI论文写作工具,https://www.66paper.cn/AI_A2E1C09,https://ai-bot.cn/wp-content/uploads/2024/08/66aipaper-website.png,E:\PNG\site-14679.png
AI创新工具,维普科创助手,维普的一站式AI科研服务平台,https://super.cqvip.com/?invite=aibot,https://ai-bot.cn/wp-content/uploads/2025/08/cqvip-icon.png,E:\PNG\site-60799.png
AI写作工具,沁言学术,AI科研写作平台，一站式文献管理,https://www.qinyanai.com/?utm_source=ai-bot.cn,https://ai-bot.cn/wp-content/uploads/2025/07/qinyanai-logo-1.png,E:\PNG\site-56573.png
AI创新工具,墨问,专为创作者设计的AI笔记工具,https://mowen.cn/?utm_source=ai-bot.cn,https://ai-bot.cn/wp-content/uploads/2025/09/mowen-logo.png,E:\PNG\site-62793.png
AI写作工具,光速写作,AI写作、PPT生成工具，单篇最长15000字,https://www.guangsuxie.com/static/college-write-web/home?from=AItools ,https://ai-bot.cn/wp-content/uploads/2024/01/guangsuxie-icon.png,E:\PNG\site-7244.png
AI写作工具,Muset,为深度创作者提供的AI原生写作工具,https://muset.ai/?s=aibot,https://ai-bot.cn/wp-content/uploads/2025/09/Muset-logo.png,E:\PNG\site-62139.png
AI创新工具,YouMind,专注提升创作效率和信息整合的AI原生工具,https://youmind.com,https://ai-bot.cn/wp-content/uploads/2025/08/YouMind-logo.png,E:\PNG\site-61208.png
AI创新工具,万能小in,3分钟4万字150+应用，只需标题，快速生成毕业论文,https://xiaoin.com.cn/home/index?sharerUserId=1815301629231030274,https://ai-bot.cn/wp-content/uploads/2025/05/xiaoin-logo-1.png,E:\PNG\site-14504.png
AI写作工具,华文笔杆,一站式AI公文写作工具,https://docwrite.cn/?utm_source=ai-bot.cn,https://ai-bot.cn/wp-content/uploads/2025/09/docwrite-icon.png,E:\PNG\site-63152.png
AI写作工具,秘塔写作猫,AI写作，文章自成,https://xiezuocat.com/?s=aigj,https://ai-bot.cn/wp-content/uploads/2023/04/xiezuocat-ai-icon.png,E:\PNG\site-13.png
AI写作工具,讯飞写作,科大讯飞推出的AI智能写作助手,https://huixie.iflyrec.com/list?utm_source=ai-bot.cn,https://ai-bot.cn/wp-content/uploads/2024/09/huixie-iflyrec-logo1.png,E:\PNG\site-15170.png
AI写作工具,茅茅虫,一站式AI论文写作助手,https://mymmc.cn/?fromId=954f8p78,https://ai-bot.cn/wp-content/uploads/2024/01/mymmc-ai-logo.png,E:\PNG\site-7381.png
AI写作工具,小鱼AI写作,一站式AI写作平台，一键生成高质量原创内容,https://www.xiaoyuxiezuo.com/AI_A2E1C09,https://ai-bot.cn/wp-content/uploads/2024/09/xiaoyuAI-logo.png,E:\PNG\site-18646.png
,,,,,
AI写作工具,QuillBot,AI英/德语写作润色和改进工具,https://try.quillbot.com/6eqrqpoysmlh,https://ai-bot.cn/wp-content/uploads/2023/03/quillbot-icon.png,E:\PNG\site-597.png
AI写作工具,公文宝,体制工作者的AI公文写作专家,https://www.gongwenbao666.com/?utm_source=ai-bot.cn,https://ai-bot.cn/wp-content/uploads/2025/09/gongwenbao-logo.png,E:\PNG\site-62117.png
AI写作工具,松果AI写作,AI写作工具，支持批量生成文章,https://songguoai.com/?utm_source=ai-bot.cn,https://ai-bot.cn/wp-content/uploads/2025/02/songguoai-logo.png,E:\PNG\site-40039.png
AI写作工具,PaperXie智能写作,AI学术写作辅助工具，覆盖全流程服务,https://www.paperxie.cn/?utm_source=ai-bot.cn,https://ai-bot.cn/wp-content/uploads/2025/08/paperxie-logo-1.png,E:\PNG\site-61164.png
AI写作工具,酷宣AI,AI文章生成工具，自动生成精美文章,https://kuxuanai.com/?utm_source=ai-bot.cn,https://ai-bot.cn/wp-content/uploads/2025/08/kuxuanai-logo.png,E:\PNG\site-60693.png
AI绘画工具,堆友AI反应堆,阿里堆友推出的多风格AI绘画生成器,https://d.design/ai/generate?from=ab1,https://ai-bot.cn/wp-content/uploads/2023/07/d-design-ai-icon.png,E:\PNG\site-3382.png
,,,,,
AI创新工具,阿贝智能,一站式AI绘本创作平台，副业变现必备,https://abeiai.com/?r=133,https://ai-bot.cn/wp-content/uploads/2024/08/abeiai-logo.jpg,E:\PNG\site-17330.png
,,,,,
AI创新工具,Midjourney,AI图像和插画生成工具,https://www.midjourney.com/home,https://ai-bot.cn/wp-content/uploads/2023/03/midjourney-icon.png,E:\PNG\site-56.png
AI创新工具,Stable Diffusion,StabilityAI推出的文本到图像生成AI,,https://ai-bot.cn/wp-content/uploads/2023/03/stability-ai-icon.png,E:\PNG\site-123.png
AI创新工具,LiblibAI·哩布哩布AI,国内领先的AI图像创作平台和模型社区,https://www.liblib.art/viphome?referralCode=yBzpZD7x,https://ai-bot.cn/wp-content/uploads/2023/12/liblibai-icon.png,E:\PNG\site-6474.png
AI绘画工具,Civitai,免费的AI图像绘画作品和模型分享平台和社区,https://civitai.com,https://ai-bot.cn/wp-content/uploads/2023/05/civitai-icon.png,E:\PNG\site-6297.png
,,,,,
,,,,,
AI视频工具,RunningHub,基于云端ComfyUI的AI图像与视频创作平台,https://www.runninghub.cn/?utm_source=ai-bot.cn,https://ai-bot.cn/wp-content/uploads/2025/07/RunningHub-logo1.png,E:\PNG\site-56061.png
AI创新工具,通义万相,阿里推出的AI创意内容生成平台,https://tongyi.aliyun.com/wanxiang/?utm_source=ai-bot.cn,https://ai-bot.cn/wp-content/uploads/2025/09/tongyi-icon.png,E:\PNG\site-3400.png
AI视频工具,可灵AI,快手推出的AI图像和视频创作平台,https://app.klingai.com/cn/?utm_source=ai-bot.cn,https://ai-bot.cn/wp-content/uploads/2025/03/klingai-logo.png,E:\PNG\site-13002.png
AI创新工具,秒画,商汤科技推出的免费AI作画和图片生成平台,https://miaohua.sensetime.com/inspiration?invite_code=9yvxNm7BR,https://ai-bot.cn/wp-content/uploads/2023/09/miaohua-icon.png,E:\PNG\site-4749.png
AI创新工具,insMind,稿定面向全球市场推出的AI图片编辑工具,https://www.insmind.com/?utm_source=ai-bot.cn,https://ai-bot.cn/wp-content/uploads/2025/08/insMind-logo.png,E:\PNG\site-60138.png
AI创新工具,AI改图神器,AI在线图像编辑工具,https://img.logosc.cn/?utm_source=ai-bot.cn,https://ai-bot.cn/wp-content/uploads/2025/09/aidesigntools-logo.png,E:\PNG\site-1412.png
,,,,,
AI视频工具,Krea AI,实时AI图像、视频生成和编辑平台,https://www.krea.ai/?ref=ai-bot.cn,https://ai-bot.cn/wp-content/uploads/2023/12/krea-ai-icon.png,E:\PNG\site-7050.png
AI创新工具,Kira,AI 图像生成与编辑工具,https://kira.art/?utm_source=ai-bot.cn,https://ai-bot.cn/wp-content/uploads/2025/07/Kira-icon.png,E:\PNG\site-56504.png
AI创新工具,Photoroom,在线AI图片编辑工具,https://www.photoroom.com/zh?utm_source=ai-bot.cn,https://ai-bot.cn/wp-content/uploads/2024/08/Photoroom-logo.png,E:\PNG\site-18077.png
AI创新工具,Ribbet.ai,免费的多功能AI图片处理工具箱,https://ribbet.ai,https://ai-bot.cn/wp-content/uploads/2023/03/ribbet-ai-icon.png,E:\PNG\site-693.png
AI创新工具,万相营造,阿里旗下推出的多模态AI创意生成平台,https://agi.taobao.com/?utm_source=ai-bot.cn,https://ai-bot.cn/wp-content/uploads/2024/11/wanxiangyingzao-logo.png,E:\PNG\site-29264.png
AI绘画工具,WHEE,美图推出的AI图片和绘画创作生成平台,https://www.whee.com,https://ai-bot.cn/wp-content/uploads/2024/01/whee-logo.png,E:\PNG\site-2976.png
AI绘画工具,奇域AI,中式审美国风AI绘画创作平台,https://www.qiyuai.net/?utm_source=ai-bot.cn,https://ai-bot.cn/wp-content/uploads/2024/05/qiyu-ai-icon.png,E:\PNG\site-12769.png
AI创新工具,悟空图像PhotoSir,新一代专业图像处理软件，更智能、更高效、更好用,https://www.photosir.com/?ref=ai-bot.cn,https://ai-bot.cn/wp-content/uploads/2023/04/photosir-icon.png,E:\PNG\site-1418.png
AI创新工具,360智图,360推出的AI作图平台，支持智能抠图、智能消除、智能放大、智能配图,https://chacha.so.com/home?utm_source=ai-bot.cn,https://ai-bot.cn/wp-content/uploads/2023/08/chacha-so-icon.png,E:\PNG\site-4177.png
AI创新工具,像素蛋糕,像甜科技推出的AI图像后期软件,https://www.pixcakeai.com/?utm_source=ai-bot.cn,https://ai-bot.cn/wp-content/uploads/2024/08/pixcakea-logo.png,E:\PNG\site-15853.png
AI视频工具,讯飞绘镜,科大讯飞推出的AI短视频创作平台,https://typemovie.art/?utm_source=nt-aibot#/dashboard,https://ai-bot.cn/wp-content/uploads/2025/01/typemovie-logo-2.png,E:\PNG\site-12254.png
AI视频工具,Vidu,生数科技推出的AI视频生成大模型,https://www.vidu.cn/?utm_source=ai-bot.cn,https://ai-bot.cn/wp-content/uploads/2024/12/Vidu-logo1.jpg,E:\PNG\site-14695.png
AI视频工具,Keevx,开箱即用的AI数字人视频创作工具,https://www.keevx.com/main/home?utm_source=aibot&utm_medium=affiliate&utm_campaign=whkj,https://ai-bot.cn/wp-content/uploads/2025/08/Keevx-logo.png,E:\PNG\site-60378.png
AI音频工具,SoundView,AI视频本地化工具，支持视频配音和翻译,https://soundviewai.com/invitation?inviteCode=H6tVloZUV&from=aibot,https://ai-bot.cn/wp-content/uploads/2024/12/SoundView-logo.jpg,E:\PNG\site-35756.png
AI视频工具,白日梦,领先AI创作平台，可生成最长50分钟的视频,https://aibrm.paluai.com/bairimeng,https://ai-bot.cn/wp-content/uploads/2024/07/aibrm-icon.png,E:\PNG\site-13065.png
AI视频工具,绘蛙AI视频,绘蛙推出的AI图生视频工具,https://www.ihuiwa.com/workspace/ai-video/custom-action?huiwaInviteCode=EMRCAL,https://ai-bot.cn/wp-content/uploads/2024/03/ihuiwa-icon.png,E:\PNG\site-33687.png
AI视频工具,有言,一站式AI视频创作和3D数字人生成平台,https://www.youyan3d.com/platform/?utm_source=zhanwaidaoliu&utm_campaign=zwj&utm_content=aigongjuji&from=aigongjuji,https://ai-bot.cn/wp-content/uploads/2024/04/youyan-icon.png,E:\PNG\site-10847.png
AI视频工具,巨日禄,一站式AI动漫视频创作平台,https://jurilu.paluai.com,https://ai-bot.cn/wp-content/uploads/2024/08/jurilu.png,E:\PNG\site-16162.png
AI视频工具,HeyGen,专业的AI数字人视频创作平台,https://heygen.com/?sid=rewardful&via=ai-bot,https://ai-bot.cn/wp-content/uploads/2025/08/HeyGen-logo1.png,E:\PNG\site-60917.png
AI视频工具,蝉镜,AI数字人视频生成平台,https://www.chanjing.cc/refc/?type=hzBuy&id=BEB41KJUj-n9rTc5kxR5WGKv6bdmvm_rv5Qpxs0XNFc,https://ai-bot.cn/wp-content/uploads/2024/04/chanjing-icon.png,E:\PNG\site-11290.png
AI视频工具,智谱清影,智谱推出的免费AI视频生成工具,https://chatglm.cn/video?utm_source=ai-bot.cn,https://ai-bot.cn/wp-content/uploads/2025/08/chatglm-video-logo-1.png,E:\PNG\site-59040.png
,,,,,
AI视频工具,腾讯混元AI视频,腾讯推出的AI视频生成工具,https://video.hunyuan.tencent.com/?utm_source=ai-bot.cn,https://ai-bot.cn/wp-content/uploads/2024/12/hunyuan-video-logo.png,E:\PNG\site-46196.png
,,,,,
AI视频工具,Sora,OpenAI推出的AI视频生成模型,https://sora.chatgpt.com,https://ai-bot.cn/wp-content/uploads/2023/03/openai-gpt-model.png,E:\PNG\site-8613.png
AI音频工具,JoyPix,AI数字人创作工具，支持声音克隆,https://www.joypix.ai?invitation_code=ai-bot,https://ai-bot.cn/wp-content/uploads/2025/03/JoyPix-logo.png,E:\PNG\site-45413.png
AI视频工具,Higgsfield,AI视频生成工具，支持专业运镜效果,https://higgsfield.ai/?utm_source=ai-bot.cn,https://ai-bot.cn/wp-content/uploads/2025/08/Higgsfield-logo.png,E:\PNG\site-59035.png
AI创新工具,通义灵眸,阿里通义推出的AI数字人生产平台,https://avatar.console.aliyun.com/lingmou?utm_source=ai-bot.cn,https://ai-bot.cn/wp-content/uploads/2025/09/tongyi-icon.png,E:\PNG\site-63255.png
AI创新工具,磁力开创,快手推出的AI创意生产平台,https://kc.kuaishou.com/?utm_source=ai-bot.cn,https://ai-bot.cn/wp-content/uploads/2025/09/kc-kuaishou-icon.png,E:\PNG\site-62311.png
AI创新工具,SekoTalk,商汤科技推出的AI对口型工具,https://sekotalk.com/?utm_source=ai-bot.cn,https://ai-bot.cn/wp-content/uploads/2025/07/Seko-logo-1.png,E:\PNG\site-63158.png
AI视频工具,创一AI,AI音视频创作工具，支持AI短片、AI角色和作图配音等,https://www.creatifyone.com/?source=ai-bot,https://ai-bot.cn/wp-content/uploads/2025/05/creatifyone-logo.png,E:\PNG\site-16669.png
,,,,,
AI视频工具,Runway,AI视频工具，绿幕抠除、视频生成、动态捕捉等功能,https://runwayml.com/?utm_source=ai-bot.cn,https://ai-bot.cn/wp-content/uploads/2023/03/runwayml-icon.png,E:\PNG\site-240.png
AI视频工具,Pika,Pika Labs推出的AI视频生成和编辑工具,https://pika.art,https://ai-bot.cn/wp-content/uploads/2023/12/pika-icon.png,E:\PNG\site-6263.png
AI创新工具,咔片PPT,AI PPT制作工具，设计美化全流程自动化,https://www.cappt.cc/?mtm_campaign=CZQD-aibot-zxsl-10008,https://ai-bot.cn/wp-content/uploads/2025/03/cappt-logo-1.png,E:\PNG\site-44612.png
AI创新工具,文多多AiPPT,AI一键生成PPT，支持AI配图和智能资料整合,https://docmee.cn/?source=ai-bot,https://ai-bot.cn/wp-content/uploads/2024/09/wenduoduo-Logo.png,E:\PNG\site-18998.png
AI创新工具,博思AIPPT,PPT效率神器，AI一键生成PPT,https://pptgo.cn/?utm_source=referrals&utm_content=aibot&_channel_track_key=LkU8aJjk,https://ai-bot.cn/wp-content/uploads/2024/06/pptgo-icon.png,E:\PNG\site-13808.png
AI创新工具,Pi智能演示文档,AI演示文档创作与共享平台,https://pi.deepvinci.tech/login?share_token=N7R2OU24EGHCU,https://ai-bot.cn/wp-content/uploads/2025/09/pi-logo.png,E:\PNG\site-63272.png
AI创新工具,iSlide AIPPT,AI一键设计精美PPT，只需一句标题,https://www.islide.cc/?mtm_campaign=ai-bot,https://ai-bot.cn/wp-content/uploads/2024/02/islide-icon.png,E:\PNG\site-8840.png
AI学习资源,稿定PPT,稿定推出的PPT模板资源库,https://www.gaoding.com/utms/c2eb98df0bf24cd9a4b691b0e8d2914e,https://ai-bot.cn/wp-content/uploads/2023/05/gaoding-design-icon.png,E:\PNG\site-35715.png
AI创新工具,笔格AIPPT,高效的AI PPT生成工具,https://www.bigppt.cn/?hmmd=aibot,https://ai-bot.cn/wp-content/uploads/2025/09/bigppt-icon.png,E:\PNG\site-7012.png
AI创新工具,笔灵AIPPT,一键生成PPT和千字演讲稿,https://ibiling.cn/ppt-zone?from=aibotaippt,https://ai-bot.cn/wp-content/uploads/2024/07/biling-aippt-logo.png,E:\PNG\site-14213.png
AI创新工具,讯飞智文,一键生成PPT和Word,https://zhiwen.xfyun.cn/home?from=aitool2,https://ai-bot.cn/wp-content/uploads/2023/11/xunfei-zhiwen-icon.png,E:\PNG\site-6024.png
AI创新工具,百度文库AI助手,基于文心一言的一站式智能文档助手,https://wenku.baidu.com/ndlaunch/browse/chat?fr=dist_wk_aiasis&dist_source=kfpt-WD&utm_account=dist&keyword=PPT&searchFr=1&third_id=wkds_98a21f011a37f111f0855b83_400000159,https://ai-bot.cn/wp-content/uploads/2023/10/baidu-wenku-ai-icon.png,E:\PNG\site-5037.png
AI创新工具,Gamma,AI幻灯片演示生成工具,https://gamma.app,https://ai-bot.cn/wp-content/uploads/2023/03/gamma-app-icon.png,E:\PNG\site-995.png
AI创新工具,Napkin,将文本内容快速转换成演示图像的AI办公工具,https://www.napkin.ai/?utm_source=ai-bot.cn,https://ai-bot.cn/wp-content/uploads/2024/08/Napkin-logo.png,E:\PNG\site-16885.png
AI创新工具,PicDoc,AI文本转图表工具，一键生成多种视觉图表,https://www.picdoc.cn/?utm_source=ai-bot.cn,https://ai-bot.cn/wp-content/uploads/2025/06/PicDoc-logo.png,E:\PNG\site-53412.png
AI创新工具,VoxDeck,创新的AI演示文稿生成工具,https://www.voxdeck.ai/?utm_source=dhvoxaibot,https://ai-bot.cn/wp-content/uploads/2025/09/VoxDeck-logo.png,E:\PNG\site-59512.png
AI创新工具,AiBiao,AI文生图表工具，支持生成柱状图、折线图、饼图等,https://www.visdoc.cn/?utm_type=Navweb&utm_source=aibot&utm_page=visdoc&utm_plan=visdoc&utm_unit=visdoc&utm_keyword=18,https://ai-bot.cn/wp-content/uploads/2025/02/VisDoc-logo.png,E:\PNG\site-40174.png
AI创新工具,美图AI PPT,美图秀秀推出的免费在线AI生成PPT设计工具,https://www.designkit.com/ppt/?channel=ai-bot.cn,https://ai-bot.cn/wp-content/uploads/2023/04/meitu-ai-ppt.jpg,E:\PNG\site-1744.png
AI创新工具,Kimi PPT助手,Kimi全新自研的PPT助手，一键生成PPT,https://www.kimi.com/kimiplus/cvvm7bkheutnihqi2100,https://ai-bot.cn/wp-content/uploads/2024/05/kimi-ai-logo.png,E:\PNG\site-57522.png
,,,,,
AI创新工具,万兴智演,万兴科技推出的AI PPT和演示制作软件,https://zhiyan.wondershare.cn/?utm_source=ai-bot.cn,https://ai-bot.cn/wp-content/uploads/2024/07/zhiyan-ai-icon.png,E:\PNG\site-14023.png
AI创新工具,歌者AI,彩漩PPT推出的AI PPT生成工具,https://gezhe.caixuan.cc/?ref=ai-bot.cn,https://ai-bot.cn/wp-content/uploads/2023/04/gezhe-caixuan-icon.png,E:\PNG\site-1142.png
A聊天机器人,ChatBA,AI幻灯片生成工具,https://www.chatba.com,https://ai-bot.cn/wp-content/uploads/2023/03/chatba-icon.png,E:\PNG\site-475.png
AI创新工具,Decktopus AI,AI驱动的在线演示文稿生成器,https://www.decktopus.com/?utm_source=ai-bot.cn,https://ai-bot.cn/wp-content/uploads/2023/03/decktopus-ai-icon.png,E:\PNG\site-784.png
AI创新工具,Powerpresent AI,AI演示文稿生成工具,https://powerpresent.ai/?utm_source=ai-bot.cn,https://ai-bot.cn/wp-content/uploads/2025/07/PowerPresent-AI-logo.png,E:\PNG\site-366.png
AI创新工具,希沃白板,专为互动教学设计的AI课件生成器,https://easinote.seewo.com/?utm_source=ai-bot.cn,https://ai-bot.cn/wp-content/uploads/2024/11/xiwobaiban-logo2.png,E:\PNG\site-24210.png
AI创新工具,秒出PPT,一键生成PPT，智能辅助编辑,https://10sppt.com/pptx/?utm_source=ai-bot.cn,https://ai-bot.cn/wp-content/uploads/2024/10/10sppt-logo-1.png,E:\PNG\site-24142.png
AI创新工具,GAIPPT,AI智能美化PPT工具，上传PPT一键美化,https://www.gaippt.com/?utm_source=ai-bot.cn,https://ai-bot.cn/wp-content/uploads/2024/11/GaiPPT-logo.png,E:\PNG\site-29253.png
AI创新工具,beautiful.ai,AI创建展示幻灯片,https://www.beautiful.ai/?utm_source=ai-bot.cn,https://ai-bot.cn/wp-content/uploads/2023/03/beautiful-ai-icon.png,E:\PNG\site-368.png
AI创新工具,麦当秀MindShow,AI在线PPT制作工具，支持Markdown等多种格式,https://www.mindshow.vip/?from=ai-bot.cn,https://ai-bot.cn/wp-content/uploads/2024/09/401726222454_.pic_.png,E:\PNG\site-21238.png
,,,,,
,,,,,
AI创新工具,Flowith,画布式AI智能体工具,https://flowith.net/?inv=AIBOTT,https://ai-bot.cn/wp-content/uploads/2024/04/flowith-icon.png,E:\PNG\site-11395.png
,,,,,
,,,,,
AI创新工具,稿定AI社区,稿定推出的设计Agent和AI创意社区,https://www.gaoding.art/utms/64e4e1421ad845ca94125ffb1c90ccdd,https://ai-bot.cn/wp-content/uploads/2025/08/gaoding.art-logo.png,E:\PNG\site-60312.png
AI金融工具,金灵AI,专业的金融深度投研AI Agent,https://www.gilin.com.cn/?channel=c02,https://ai-bot.cn/wp-content/uploads/2025/06/gilin-logo-1.png,E:\PNG\site-54821.png
AI创新工具,Tbox,蚂蚁集团旗下多智能体协同的通用 AI Agent,https://www.tbox.cn/?utm_source=ai-bot.cn,https://ai-bot.cn/wp-content/uploads/2025/09/Tbox-logo.png,E:\PNG\site-62355.png
,,,,,
AI游戏工具,Seele AI,全球首个端到端AI 3D游戏生成工具,https://seelesai.go.link/kw8uW,https://ai-bot.cn/wp-content/uploads/2025/08/Seele-AI-logo.png,E:\PNG\site-59644.png
AI数据分析,TabTab,首个全链路 Data Agent,https://tabtabai.com/?utm_source=ai-bot.cn,https://ai-bot.cn/wp-content/uploads/2025/08/tabtab-logo.png,E:\PNG\site-60949.png
AI创新工具,椒图AI,深度适配中文场景的AI修图智能体,https://www.jiaotuai.cn/?utm_source=ai-bot.cn,https://ai-bot.cn/wp-content/uploads/2025/09/jiaotuai-logo.png,E:\PNG\site-61891.png
AI创新工具,混沌Deep Innovation,混沌学园推出的战略咨询AI智能体,https://x.hundun.cn/?utm_source=ai-bot.cn,https://ai-bot.cn/wp-content/uploads/2025/09/Deep-Innovation-logo.png,E:\PNG\site-62815.png
,,,,,
,,,,,
AI创新工具,Agnes AI,专为办公场景设计的团队协作型AI Agent,https://agnes-ai.com/?utm_source=ai-bot.cn,https://ai-bot.cn/wp-content/uploads/2025/08/Agnes-AI-logo.png,E:\PNG\site-59375.png
AI创新工具,SciMaster,上交大联合深势科技推出的通用科研Agent,https://scimaster.bohrium.com/?utm_source=ai-bot.cn,https://ai-bot.cn/wp-content/uploads/2025/08/scimaster_icon.png,E:\PNG\site-58991.png
AI编程工具,Zeabur,专为氛围编程设计的云部署AI 智能体,https://zeabur.com/?utm_source=ai-bot.cn,https://ai-bot.cn/wp-content/uploads/2025/07/zeabur-icon.png,E:\PNG\site-58176.png
AI创新工具,MyShell,构建、共享和拥有AI Agents的开发平台,https://myshell.ai/?utm_source=ai-bot.cn,https://ai-bot.cn/wp-content/uploads/2025/07/MyShell-logo.png,E:\PNG\site-58058.png
AI金融工具,FinGenius,全球首个A股AI金融博弈智能体应用,http://fingenius.cn/?utm_source=ai-bot.cn,https://ai-bot.cn/wp-content/uploads/2025/07/FinGenius-logo.png,E:\PNG\site-57411.png
,,,,,
,,,,,
AI营销工具,如此AI员工,国内首个全链路营销获客AI Agent,https://www.ruciapp.com/?utm_source=ai-bot.cn,https://ai-bot.cn/wp-content/uploads/2025/08/ruciapp-logo.png,E:\PNG\site-60115.png
,,,,,
AI创新工具,BrowserOS,免费开源的 AI Agent 浏览器,https://www.browseros.com/?utm_source=ai-bot.cn,https://ai-bot.cn/wp-content/uploads/2025/07/BrowserOS-logo.png,E:\PNG\site-58161.png
,,,,,
AI视频工具,CrePal,AI 视频创作智能体,https://crepal.ai/?utm_source=ai-bot.cn,https://ai-bot.cn/wp-content/uploads/2025/07/CrePal-logo.png,E:\PNG\site-57192.png
,,,,,
AI游戏工具,逗逗AI,AI游戏陪玩，支持原神、黑神话、LOL！,https://doudou.paluai.com/web_aitool,https://ai-bot.cn/wp-content/uploads/2024/12/doudou-logo.png,E:\PNG\site-14769.png
A聊天机器人,ChatGPT,OpenAI 推出的AI聊天机器人,https://chatgpt.com,https://ai-bot.cn/wp-content/uploads/2025/07/Chatgpt-logo.png,E:\PNG\site-30.png
AI创新工具,Claude,Anthropic公司推出的对话式AI智能助手,,https://ai-bot.cn/wp-content/uploads/2023/03/anthropic-icon.png,E:\PNG\site-460.png
A聊天机器人,Gemini,Google推出的AI聊天对话机器人Gemini,https://deepmind.google/technologies/gemini,https://ai-bot.cn/wp-content/uploads/2024/05/googel-gemini-app-icon.webp,E:\PNG\site-736.png
AI创新工具,DeepSeek,幻方量化推出的AI智能助手和开源大模型,https://deepseek.com/?utm_source=ai-bot.cn,https://ai-bot.cn/wp-content/uploads/2023/11/deepseek-chat-icon.png,E:\PNG\site-54501.png
AI创新工具,Kimi智能助手,月之暗面推出的AI智能助手,https://www.kimi.com/?utm_source=ai-bot.cn,https://ai-bot.cn/wp-content/uploads/2024/05/kimi-ai-logo.png,E:\PNG\site-53747.png
AI创新工具,腾讯元宝,腾讯推出的免费AI智能助手,https://yuanbao.paluai.com/aibot,https://ai-bot.cn/wp-content/uploads/2024/05/tencent-yuanbao-icon.png,E:\PNG\site-12946.png
AI创新工具,通义,阿里推出的自研大模型，通情、达义，你的全能AI助手！,https://www.tongyi.com/?utm_source=ai-bot.cn,https://ai-bot.cn/wp-content/uploads/2025/09/tongyi-icon.png,E:\PNG\site-1338.png
AI创新工具,MiniMax,MiniMax推出的AI智能问答助手,https://chat.minimaxi.com/?utm_source=ai-bot.cn,https://ai-bot.cn/wp-content/uploads/2025/03/MiniMax-logo.png,E:\PNG\site-8835.png
AI创新工具,Grok,马斯克旗下xAI推出的人工智能助手,https://grok.com,https://ai-bot.cn/wp-content/uploads/2023/11/xai-icon.png,E:\PNG\site-5368.png
AI创新工具,Z.ai,智谱面向全球推出的AI模型体验平台,https://z.ai/?utm_source=ai-bot.cn,https://ai-bot.cn/wp-content/uploads/2025/09/Z.ai-logo.png,E:\PNG\site-62950.png
,,,,,
AI创新工具,LongCat,美团推出的自研大模型AI对话平台,https://longcat.chat/?utm_source=ai-bot.cn,https://ai-bot.cn/wp-content/uploads/2025/09/LongCat-icon.png,E:\PNG\site-61432.png
AI创新工具,文心一言,百度推出的基于文心大模型的AI智能助手,https://yiyan.baidu.com/?utm_source=ai-bot.cn,https://ai-bot.cn/wp-content/uploads/2023/03/baidu-yiyan-icon.png,E:\PNG\site-669.png
AI创新工具,智谱清言,智谱推出的全能AI助手,https://chatglm.cn/?utm_source=ai-bot.cn,https://ai-bot.cn/wp-content/uploads/2023/08/zhipu-ai-chatglm-icon.png,E:\PNG\site-2005.png
,,,,,
AI创新工具,问小白,AI智能助手，支持DeepSeek满血版,https://www.wenxiaobai.com/?utm_source=ai-bot.cn,https://ai-bot.cn/wp-content/uploads/2025/04/wenxiaobai-logo-2.png,E:\PNG\site-14215.png
,,,,,
A聊天机器人,阶跃AI,阶跃星辰推出的支持多模态的AI聊天机器人,https://yuewen.cn/chats/new?utm_source=ai-bot.cn,https://ai-bot.cn/wp-content/uploads/2024/03/stepchat-icon.png,E:\PNG\site-9802.png
AI创新工具,百小应,百川智能推出的免费AI助手,https://ying.baichuan-ai.com/chat?from=ai-bot.cn,https://ai-bot.cn/wp-content/uploads/2024/05/ying-ai-icon.png,E:\PNG\site-12663.png
AI创新工具,天工AI,昆仑万维推出的AI智能助手,https://www.tiangong.cn/?utm_source=ai-bot.cn,https://ai-bot.cn/wp-content/uploads/2023/08/tiangong-ai-search-icon.png,E:\PNG\site-1784.png
A聊天机器人,商量SenseChat,商汤科技推出的免费AI聊天助手,https://chat.sensetime.com/wb/home?utm_source=ai-bot.cn,https://ai-bot.cn/wp-content/uploads/2024/04/sensechat-new-icon.png,E:\PNG\site-11529.png
A聊天机器人,Me.bot,心识宇宙推出的个性化AI伴侣产品,https://www.me.bot/?utm_source=ai-bot.cn,https://is1-ssl.mzstatic.com/image/thumb/Purple211/v4/ae/39/fa/ae39fa8f-aa28-f211-8aa5-40fdd111feda/AppIcon-0-0-1x_U007ephone-0-85-220.png/460x0w.webp,E:\PNG\site-16356.png
AI游戏工具,Saylo,AI驱动的故事角色扮演游戏应用，沉浸式的剧本互动体验,https://www.sayloai.com/?utm_source=ai-bot.cn,https://ai-bot.cn/wp-content/uploads/2024/09/Saylo-logo.png,E:\PNG\site-21956.png
AI创新工具,Poe,问答社区Quora推出的问答机器人工具,,https://ai-bot.cn/wp-content/uploads/2023/03/quora-poe-icon.png,E:\PNG\site-459.png
AI创新工具,Copilot,微软推出的网页版Copilot助手,https://copilot.microsoft.com,https://ai-bot.cn/wp-content/uploads/2023/11/microsoft-copilot-icon.png,E:\PNG\site-6019.png
AI游戏工具,Character.AI,创建虚拟角色并与其对话,,https://ai-bot.cn/wp-content/uploads/2023/03/character-ai-icon.png,E:\PNG\site-137.png
A聊天机器人,Meta AI助手,Meta推出的免费AI聊天助手,https://www.meta.ai/?utm_source=ai-bot.cn,https://ai-bot.cn/wp-content/uploads/2023/12/imagine-with-meta.png,E:\PNG\site-11358.png
AI编程工具,文心快码,百度推出的AI编程助手，基于文心大模型,https://comate.baidu.com/?inviteCode=8f8or9cz,https://ai-bot.cn/wp-content/uploads/2024/08/comate-baidu-logo.png,E:\PNG\site-4099.png
AI编程工具,Qoder,阿里巴巴推出的 AI Agentic 编程工具,https://qoder.paluai.com/aibot,https://ai-bot.cn/wp-content/uploads/2025/08/qoder-logo.png,E:\PNG\site-60584.png
AI编程工具,Cursor,AI代码编辑器，快速进行编程和软件开发,https://www.cursor.com/?utm_source=ai-bot.cn,https://ai-bot.cn/wp-content/uploads/2024/08/cursor-logo.png,E:\PNG\site-906.png
AI编程工具,代码小浣熊,商汤科技推出的免费AI编程助手,https://www.xiaohuanxiong.com/login?utm_source=blmay1,https://ai-bot.cn/wp-content/uploads/2023/12/sensetime-raccoon-code-icon.png,E:\PNG\site-6519.png
AI创新工具,Kiro,亚马逊公司推出的 AI IDE,https://kiro.dev/?utm_source=ai-bot.cn,https://ai-bot.cn/wp-content/uploads/2025/07/Kiro-logo.png,E:\PNG\site-57086.png
AI编程工具,CodeBuddy IDE,腾讯推出的全栈开发AI IDE,https://www.codebuddy.ai/?utm_source=ai-bot.cn,https://ai-bot.cn/wp-content/uploads/2025/07/codebuddy-logo-1.png,E:\PNG\site-57753.png
AI编程工具,通义灵码,阿里推出的免费AI编程工具，基于通义大模型,https://lingma.aliyun.com/lingma,https://ai-bot.cn/wp-content/uploads/2023/12/tongyi-lingma-icon-1.png,E:\PNG\site-5269.png
AI编程工具,Claude Code,Anthropic 推出的AI编程工具,https://www.anthropic.com/claude-code?utm_source=ai-bot.cn,https://ai-bot.cn/wp-content/uploads/2025/07/Claude-Code-logo1.png,E:\PNG\site-56948.png
AI编程工具,GitHub Copilot,GitHub推出的AI编程工具,https://github.com/features/copilot,https://ai-bot.cn/wp-content/uploads/2023/03/github-copilot-icon.png,E:\PNG\site-45.png
AI编程工具,Lovable,全栈AI编程工具，一句话构建网站应用,https://lovable.dev/?utm_source=ai-bot.cn,https://ai-bot.cn/wp-content/uploads/2025/08/Lovable-logo.png,E:\PNG\site-60798.png
AI编程工具,Augment Code,AI编程辅助工具，专为大型代码库设计,https://www.augmentcode.com/?utm_source=ai-bot.cn,https://ai-bot.cn/wp-content/uploads/2024/04/augment-code-icon.png,E:\PNG\site-11625.png
AI编程工具,Codex,OpenAI推出的AI编程模型和工具,https://openai.com/index/codex-now-generally-available,https://ai-bot.cn/wp-content/uploads/2023/03/openai-codex-icon.png,E:\PNG\site-53.png
,,,,,
,,,,,
,,,,,
,,,,,
,,,,,
AI编程工具,Warp Code,Warp推出的AI编程工具,https://www.warp.dev/code?utm_source=ai-bot.cn,https://ai-bot.cn/wp-content/uploads/2025/09/Warp-Code-logo.png,E:\PNG\site-61842.png
AI编程工具,CodeWhisperer,亚马逊推出的免费AI编程助手,https://aws.amazon.com/codewhisperer,https://ai-bot.cn/wp-content/uploads/2023/04/codewhisperer-icon.png,E:\PNG\site-1616.png
,,,,,
,,,,,
AI创新工具,Qodo,（原CodiumAI）AI开发平台,https://www.codium.ai,https://ai-bot.cn/wp-content/uploads/2025/07/Qodo-logo.png,E:\PNG\site-789.png
AI编程工具,CodeGeeX,智谱AI推出的免费AI编程助手,https://codegeex.cn,https://ai-bot.cn/wp-content/uploads/2023/04/codegeex-icon.png,E:\PNG\site-1131.png
AI编程工具,Cody,Sourcegraph推出的免费AI编程工具,https://about.sourcegraph.com/cody?utm_source=ai-bot.cn,https://ai-bot.cn/wp-content/uploads/2023/05/sourcegraph-cody-icon.png,E:\PNG\site-2613.png
AI编程工具,DevChat,开源的支持多款大模型的AI编程助手,https://www.devchat.ai/zh?ref=ai-bot.cn,https://ai-bot.cn/wp-content/uploads/2024/01/devchat-icon.png,E:\PNG\site-7582.png
AI创新工具,Zread,专为开发者设计的AI源码解读产品,https://zread.ai/?utm_source=ai-bot.cn,https://ai-bot.cn/wp-content/uploads/2025/07/Zread-logo.png,E:\PNG\site-57573.png
AI编程工具,JoyCode,京东云推出的新一代智能编程 AI IDE,https://joycode.jd.com/?utm_source=ai-bot.cn,https://ai-bot.cn/wp-content/uploads/2025/07/JoyCode-icon.png,E:\PNG\site-57642.png
AI创新工具,墨刀AI,AI秒生原型稿,https://modao.cc/feature/ai?utm_channel=wl&utm_source=referrals&utm_keyword=aibot,https://ai-bot.cn/wp-content/uploads/2023/05/modao-icon.png,E:\PNG\site-2648.png
AI创新工具,Pic Copilot,阿里国际推出的AI电商设计工具,https://www.piccopilot.com/create/?utm_source=aff&utm_medium=aibot1,https://ai-bot.cn/wp-content/uploads/2024/11/pic-copilot-logo.png,E:\PNG\site-32344.png
AI游戏工具,Recraft AI,免费无限AI画板，生成高质量矢量艺术画、图标、3D图片和插画,https://www.recraft.ai/?ref=ai-bot.cn,https://ai-bot.cn/wp-content/uploads/2023/06/recraft-ai-icon.png,E:\PNG\site-3171.png
AI创新工具,Figma AI,Figma推出的原生AI设计工具,https://www.figma.com/ai/?utm_source=ai-bot.cn,https://ai-bot.cn/wp-content/uploads/2023/11/figma-icon.png,E:\PNG\site-13896.png
AI创新工具,GemDesign,AI原生高保真原型设计工具,https://design.gemcoder.com/?ci=bot,https://ai-bot.cn/wp-content/uploads/2025/08/GemDesign-logo.png,E:\PNG\site-60993.png
AI游戏工具,Holopix AI,专为游戏、动漫、插画设计打造的AI设计平台,https://holopix.cn/?inviteCode=741737,https://ai-bot.cn/wp-content/uploads/2025/07/Holopix-AI-logo.png,E:\PNG\site-56965.png
AI创新工具,创客贴AI,AI辅助的智能在线设计工具,https://aiart.chuangkit.com/matrix?utm_source=aibotQD,https://ai-bot.cn/wp-content/uploads/2023/04/chuangkit-aiart-icon.png,E:\PNG\site-13019.png
AI创新工具,美间AI,新一代AI画布式创意设计平台,https://www.meijian.com/ai?utm_source=ai-bot.cn,https://ai-bot.cn/wp-content/uploads/2025/06/meijianai-logo.png,E:\PNG\site-54633.png
AI创新工具,蚂上有创意,支付宝推出的AI设计工具，面向商家提供电商设计服务,https://idesign.alipay.com/?utm_source=ai-bot.cn,https://ai-bot.cn/wp-content/uploads/2024/11/mashangyouchuangyi-logo.png,E:\PNG\site-28903.png
AI创新工具,爱设计,AI在线设计平台，提供多端在线拖拽设计工具,https://www.isheji.com/?utm_source=ai-bot.cn,https://ai-bot.cn/wp-content/uploads/2024/10/isheji-logo-1.png,E:\PNG\site-24811.png
AI创新工具,魔力工作室,Canva可画推出的一站式AI创作套件,https://www.canva.cn/magic/?utm_source=ai-bot.cn,https://ai-bot.cn/wp-content/uploads/2023/03/canva-icon.png,E:\PNG\site-15196.png
AI创新工具,Microsoft Designer,微软推出的在线设计海报和宣传图工具,https://designer.microsoft.com,https://ai-bot.cn/wp-content/uploads/2023/03/microsoft-designer-icon.png,E:\PNG\site-945.png
,,,,,
AI创新工具,燕雀光年,AI LOGO设计工具,https://www.yanqueai.com,https://ai-bot.cn/wp-content/uploads/2025/06/yanque-logo.png,E:\PNG\site-54629.png
AI商业工具,标小智LOGO生成器,AI Logo设计平台，一键生成企业Logo,https://www.logosc.cn/?utm_source=ai-bot.cn,https://ai-bot.cn/wp-content/uploads/2025/09/logosc-logo.png,E:\PNG\site-1414.png
AI创新工具,Looka,AI在线设计和生成logo,https://looka.com,https://ai-bot.cn/wp-content/uploads/2023/03/looka-icon.png,E:\PNG\site-595.png
AI创新工具,智绘设计,腾讯推出的智能设计平台，让内容更精彩,https://taishan.qq.com/brand/?ref=ai-bot.cn,https://ai-bot.cn/wp-content/uploads/2023/04/taishan-qq-icon.png,E:\PNG\site-1954.png
AI创新工具,MasterGo AI,国产产品设计工具MasterGo推出的智能UI设计助手,https://mastergo.com/upcoming-ai/apply?utm_source=ai-bot.cn,https://ai-bot.cn/wp-content/uploads/2023/06/mastergo-ai-icon.png,E:\PNG\site-2733.png
,,,,,
AI创新工具,FigJam AI,Figma推出的AI白板协作设计工具,https://www.figma.com/figjam/ai,https://ai-bot.cn/wp-content/uploads/2023/11/figma-icon.png,E:\PNG\site-4487.png
AI创新工具,鹿班,阿里推出的智能设计商品图和海报的平台,https://d.design/toolbox/luban-pic?from=ab1,https://ai-bot.cn/wp-content/uploads/2023/04/luban-icon.png,E:\PNG\site-1986.png
AI创新工具,Magic Design,在线设计工具Canva推出的AI设计工具,https://www.canva.com/magic-design,https://ai-bot.cn/wp-content/uploads/2023/03/canva-icon.png,E:\PNG\site-1087.png
AI创新工具,简单设计,免费的在线设计、图片处理工具,https://www.jiandan.link/?rel=DB2V2320,https://ai-bot.cn/wp-content/uploads/2024/08/jiandan.link-logo.png,E:\PNG\site-17815.png
AI写作工具,135 AI排版,公众号AI图文排版和智能文案生成工具,https://www.135editor.com/ai_editor/?track_id=34&hmmd=ai-bot.cn,https://ai-bot.cn/wp-content/uploads/2024/04/135-ai-editor-icon.png,E:\PNG\site-10754.png
AI音频工具,魔音工坊,AI配音工具，轻松配出媲美真人的声音,https://www.moyin.com/?channelCode=AIGJJ01_20240905,https://ai-bot.cn/wp-content/uploads/2023/04/moyin-icon.png,E:\PNG\site-1924.png
AI创新工具,讯飞智作,科大讯飞推出的AI转语音和配音工具,https://peiyin.xunfei.cn/?ftype=14,https://ai-bot.cn/wp-content/uploads/2023/03/peyin-xunfei-icon.png,E:\PNG\site-246.png
AI创新工具,听脑AI,AI语音录音记录助手,https://itingnao.com/home?source=3514&unit=3516,https://ai-bot.cn/wp-content/uploads/2024/05/itingnao-ai-icon.png,E:\PNG\site-12837.png
AI创新工具,Suno,高质量的AI音乐创作平台,https://www.suno.ai/?ref=ai-bot.cn,https://ai-bot.cn/wp-content/uploads/2023/12/suno-ai-icon.png,E:\PNG\site-6968.png
AI创新工具,海绵音乐,字节跳动推出的免费AI音乐创作和发现平台,https://www.haimian.com/?utm_source=ai-bot.cn,https://ai-bot.cn/wp-content/uploads/2024/06/haimianyinyue-logo.png,E:\PNG\site-13336.png
AI创新工具,音疯,昆仑万维推出的AI音乐创作平台，一键生成原创歌曲,https://www.yinfeng.cn/home?utm_source=ai-bot.cn,https://ai-bot.cn/wp-content/uploads/2024/09/yinfeng-logo1.png,E:\PNG\site-18655.png
AI创新工具,ElevenLabs,AI文本转语音，支持包含中文在内的28种语言,https://try.elevenlabs.io/mqbahm8egbk8,https://ai-bot.cn/wp-content/uploads/2023/08/elevenlabs-icon.png,E:\PNG\site-4294.png
AI创新工具,琅琅配音,智能文本转语音工具,https://lang123.top/?rmd=64546,https://ai-bot.cn/wp-content/uploads/2024/07/lang123-logo.png,E:\PNG\site-14585.png
,,,,,
,,,,,
,,,,,
,,,,,
AI创新工具,NotebookLM,谷歌推出的AI笔记应用，5分钟生成一段对话播客,https://notebooklm.google/?utm_source=ai-bot.cn,https://ai-bot.cn/wp-content/uploads/2025/08/NotebookLM-logo.png,E:\PNG\site-21562.png
,,,,,
AI音频工具,音剪,喜马拉雅推出的一站式AI音频创作平台,https://audioeditor.ximalaya.com/?utm_source=ai-bot.cn,https://ai-bot.cn/wp-content/uploads/2024/11/yinjian-logo.png,E:\PNG\site-28064.png
AI创新工具,简单听记,百度网盘推出的AI语音转文字工具,https://pan.baidu.com/embed/listennote?utm_source=ai-bot.cn,https://ai-bot.cn/wp-content/uploads/2024/11/listennote-logo.png,E:\PNG\site-28201.png
AI创新工具,讯飞听见,科大讯飞推出的在线AI语音转文字工具,https://www.iflyrec.com/zhuanwenzi.html?from=ai-bot_zwz,https://ai-bot.cn/wp-content/uploads/2023/03/meeting-iflyrec-icon.png,E:\PNG\site-18898.png
AI创新工具,MemoAI,免费的AI语音转文字工具,https://memo.ac/?utm_source=ai-bot.cn,https://ai-bot.cn/wp-content/uploads/2024/08/MemoAI-logo1.png,E:\PNG\site-17999.png
AI创新工具,Reecho睿声,超拟真的中英文AI语音克隆/生成平台,https://www.reecho.ai/?ref=ai-bot.cn,https://ai-bot.cn/wp-content/uploads/2024/02/reecho-ai-icon.png,E:\PNG\site-8681.png
AI创新工具,Udio,免费的AI音乐创作工具，每月可生成1200首歌曲,https://www.udio.com/?utm_source=ai-bot.cn,https://ai-bot.cn/wp-content/uploads/2024/04/udio-ai-icon.png,E:\PNG\site-11026.png
AI创新工具,网易天音,网易推出的一站式AI音乐创作工具,https://tianyin.163.com/?utm_source=ai-bot.cn,https://ai-bot.cn/wp-content/uploads/2023/03/tianyin-163-icon.png,E:\PNG\site-702.png
AI创新工具,TME Studio,腾讯音乐推出的智能音乐创作助手,https://y.qq.com/tme_studio/index.html#/?utm_source=ai-bot.cn,https://ai-bot.cn/wp-content/uploads/2023/05/tme-studio-icon.png,E:\PNG\site-2056.png
AI创新工具,Lyrics Into Song AI,在线AI音乐创作工具，输入歌词创建个性化歌曲,https://lyricsintosong.ai/zh?utm_source=ai-bot.cn,https://ai-bot.cn/wp-content/uploads/2024/09/Lyrics-Into-Song-AI-logo.png,E:\PNG\site-22182.png
AI音频工具,Stable Audio,Stability AI最新推出的音乐生成工具,https://www.stableaudio.com/?utm_source=ai-bot.cn,https://ai-bot.cn/wp-content/uploads/2023/09/stable-audio-icon.png,E:\PNG\site-4667.png
AI写作工具,TextToSpeech,完全免费的AI文字转语音工具,https://texttospeech.im/zh-CN?utm_source=ai-bot.cn,https://ai-bot.cn/wp-content/uploads/2024/08/TextToSpeech-logo.png,E:\PNG\site-14849.png
AI音频工具,TTSMaker,马克配音（MakVoice）推出的免费AI文字转语音工具,https://ttsmaker.cn/?utm_source=ai-bot.cn,https://ai-bot.cn/wp-content/uploads/2024/08/TTSMaker-website.png,E:\PNG\site-14885.png
AI音频工具,LOVO AI,专业的AI文字转语音工具，支持500+声音和100种语言,https://lovo.ai/?utm_source=ai-bot.cn,https://ai-bot.cn/wp-content/uploads/2023/03/lovo-ai-icon.png,E:\PNG\site-14893.png
AI音频工具,Uberduck,开源的AI语音生成社区，5000多种不同的声音,https://uberduck.ai/?via=ai-bot,https://ai-bot.cn/wp-content/uploads/2023/04/uberduck-icon.png,E:\PNG\site-1903.png
AI创新工具,Sonauto,免费的AI音乐生成和歌曲创作工具,https://sonauto.ai/?utm_source=ai-bot.cn,https://ai-bot.cn/wp-content/uploads/2024/04/sonauto-icon.png,E:\PNG\site-11193.png
AI音频工具,天工SkyMusic,昆仑万维发布的国内首个AI音乐生成大模型,https://www.tiangong.cn/music?utm_source=ai-bot.cn,https://ai-bot.cn/wp-content/uploads/2023/08/tiangong-ai-search-icon.png,E:\PNG\site-11251.png
AI搜索引擎,夸克AI,集AI搜索、网盘、文档、创作等功能于一体的应用,https://b.quark.cn/apps/qkhomepage_twofoufeb/routes/model?entry=other_baoyingpckk_cpa9&ch=other_baoyingpckk_cpa9&image=search&dp=,https://ai-bot.cn/wp-content/uploads/2024/11/quark-logo-1.png,E:\PNG\site-15309.png
AI搜索引擎,WisPaper,复旦团队推出的 AI 学术搜索工具,https://www.wispaper.ai/?utm_source=aibot,https://ai-bot.cn/wp-content/uploads/2025/09/WisPaper-logo.png,E:\PNG\site-62394.png
AI搜索引擎,Perplexity,强大的对话式AI搜索引擎,https://www.perplexity.ai/?utm_source=ai-bot.cn,https://ai-bot.cn/wp-content/uploads/2024/05/perplexity-icon.png,E:\PNG\site-11895.png
A聊天机器人,SearchGPT,OpenAI最新推出的AI搜索引擎,,https://ai-bot.cn/wp-content/uploads/2024/08/SearchGPT-logo.png,E:\PNG\site-14609.png
AI创新工具,AMiner,智谱AI推出的大模型学术平台,https://www.aminer.cn/open/research?f=aibot_search_dr_v1,https://ai-bot.cn/wp-content/uploads/2024/07/aminer-logo.png,E:\PNG\site-14355.png
AI搜索引擎,心流,阿里旗下推出的AI搜索助手,https://iflow.cn/?utm_source=aibot,https://ai-bot.cn/wp-content/uploads/2024/07/iflow-icon.png,E:\PNG\site-14200.png
AI搜索引擎,玻尔,新一代科研知识库与AI学术搜索平台,https://www.bohrium.com/?utm_source=ai-bot.cn,https://ai-bot.cn/wp-content/uploads/2025/07/bohrium-logo.png,E:\PNG\site-58169.png
,,,,,
AI搜索引擎,Devv,面向程序员的新一代AI搜索引擎,https://devv.ai/zh?ref=ai-bot.cn,https://ai-bot.cn/wp-content/uploads/2024/01/devv-ai-icon.png,E:\PNG\site-7108.png
AI搜索引擎,知乎直答,知乎推出的AI搜索引擎，直达问题答案,https://zhida.zhihu.com/?utm_source=ai-bot.cn,https://ai-bot.cn/wp-content/uploads/2024/06/zhihu-zhida-icon.png,E:\PNG\site-13966.png
AI搜索引擎,纳米AI,360推出的新一代超级AI搜索工具,https://www.n.cn/?utm_source=ai-bot.cn,https://ai-bot.cn/wp-content/uploads/2025/09/n.AI-logo.png,E:\PNG\site-62941.png
AI搜索引擎,百度AI探索版,百度推出的深度AI搜索引擎,https://think.baidu.com/?utm_source=ai-bot.cn,https://ai-bot.cn/wp-content/uploads/2023/08/baidu-zuojia-icon.png,E:\PNG\site-28907.png
AI搜索引擎,Felo,免费AI智能搜索引擎，支持社交联网搜索和多语种问答结果,https://felo.ai/search?utm_source=ai-bot.cn,https://ai-bot.cn/wp-content/uploads/2024/08/Felo-ai-logo.png,E:\PNG\site-18048.png
AI搜索引擎,Exa AI,专门为AI模型设计的搜索引擎平台,https://exa.ai/?utm_source=ai-bot.cn,https://ai-bot.cn/wp-content/uploads/2024/07/Exa-AI-logo.png,E:\PNG\site-14411.png
AI搜索引擎,Reddo,全球产品信息AI搜索引擎，能语义化搜索任何公开的产品与公司,https://www.reddo.cloud/search_home?utm_source=ai-bot.cn,https://ai-bot.cn/wp-content/uploads/2024/08/Reddo-logo.png,E:\PNG\site-16039.png
AI搜索引擎,博查AI搜索,支持多模型的AI搜索引擎,https://bochaai.com,https://ai-bot.cn/wp-content/uploads/2024/04/bocha-ai-icon.png,E:\PNG\site-11402.png
AI创新工具,博简智慧专利,AI专利查新检索与撰写平台,https://pagentia.com/?utm_source=ai-bot.cn,https://ai-bot.cn/wp-content/uploads/2025/08/pagentia-logo.png,E:\PNG\site-61089.png
AI写作工具,链企AI,链企智能推出的AI商业搜索和AI标书写作工具,https://www.lianqiai.cn/?utm_source=ai-bot.cn,https://ai-bot.cn/wp-content/uploads/2025/08/lianqiai-webiste.png,E:\PNG\site-15865.png
AI搜索引擎,360AI搜索,360推出的新一代AI搜索引擎,https://so.360.com/?utm_source=ai-bot.cn,https://ai-bot.cn/wp-content/uploads/2024/05/360-ai-search-icon.png,E:\PNG\site-11897.png
AI搜索引擎,问问小宇宙,小宇宙推出的AI搜索产品,https://ask.xiaoyuzhoufm.com/?utm_source=ai-bot.cn,https://ai-bot.cn/wp-content/uploads/2024/07/xiaoyuzhou-website.png,E:\PNG\site-14818.png
AI搜索引擎,Dexa AI,AI播客搜索工具,https://dexa.ai/?utm_source=ai-bot.cn,https://ai-bot.cn/wp-content/uploads/2024/08/dexa-ai-icon.png,E:\PNG\site-15211.png
AI搜索引擎,CuspAI,剑桥大学推出的材料学专业AI搜索工具,https://www.cusp.ai/?utm_source=ai-bot.cn,https://ai-bot.cn/wp-content/uploads/2024/08/CuspAI-website.png,E:\PNG\site-15220.png
AI搜索引擎,XAnswer,支持生成思维导图的免费AI搜索工具,https://www.xanswer.com/?utm_source=ai-bot.cn,https://ai-bot.cn/wp-content/uploads/2024/08/XAnswer-logo.png,E:\PNG\site-15156.png
AI搜索引擎,Glean,专为职场人设计的AI搜索引擎,https://www.glean.com/?utm_source=ai-bot.cn,https://ai-bot.cn/wp-content/uploads/2024/08/Glean-logo.png,E:\PNG\site-16367.png
AI搜索引擎,AlphaSense,专为金融专业人士设计的AI搜索工具,https://www.alpha-sense.com/?utm_source=ai-bot.cn,https://ai-bot.cn/wp-content/uploads/2024/08/AlphaSense-logo.png,E:\PNG\site-15233.png
AI搜索引擎,Globe Explorer,结构化AI知识搜索引擎,https://explorer.globe.engineer/?utm_source=ai-bot.cn,https://ai-bot.cn/wp-content/uploads/2024/05/globe-explorer-icon.png,E:\PNG\site-11840.png
AI搜索引擎,Reportify,AI投资研究问答搜索引擎,https://reportify.cc/?ref=ai-bot.cn,https://ai-bot.cn/wp-content/uploads/2024/03/reportify-icon.png,E:\PNG\site-9857.png
AI创新工具,Coze,海量AI智能体免费用，一键复制同款,https://www.coze.cn/s/NvLQGqfiwSk,https://ai-bot.cn/wp-content/uploads/2023/12/coze-ai-icon.png,E:\PNG\site-6791.png
AI创新工具,阿里云百炼,一站式大模型开发与应用构建平台（免费领5.5折优惠券）,https://www.aliyun.com/minisite/goods?userCode=ex9ez2fz,https://ai-bot.cn/wp-content/uploads/2025/04/aliyun-bailian-logo.png,E:\PNG\site-50019.png
AI创新工具,Google AI Studio,免费体验和测试 Google 最新的 AI 模型,https://aistudio.google.com/?utm_source=ai-bot.cn,https://ai-bot.cn/wp-content/uploads/2025/08/Google-AI-Studio-icon.png,E:\PNG\site-61081.png
AI创新工具,SiliconFlow,生成式AI计算基础设施平台,https://cloud.siliconflow.cn/i/SjhsJgfH,https://ai-bot.cn/wp-content/uploads/2025/06/SiliconFlow-logo.png,E:\PNG\site-35828.png
,,,,,
AI编程工具,n8n,开源的低代码AI工作流自动化工具,https://n8n.io/?utm_source=ai-bot.cn,https://ai-bot.cn/wp-content/uploads/2025/09/n8n-icon.png,E:\PNG\site-62594.png
AI创新工具,OpenRouter,AI 模型 API 聚合平台，一个接口调用400多个模型,https://openrouter.ai/?utm_source=ai-bot.cn,https://ai-bot.cn/wp-content/uploads/2025/07/OpenRouter-logo.png,E:\PNG\site-58373.png
,,,,,
AI编程工具,Trickle AI,一站式无代码 AI 开发平台,https://trickle.so/?utm_source=ai-bot.cn,https://ai-bot.cn/wp-content/uploads/2025/07/Trickle-AI-logo.png,E:\PNG\site-58463.png
AI创新工具,Refly,全球首个开源 Vibe Workflow 平台,https://refly.ai/?utm_source=ai-bot.cn,https://ai-bot.cn/wp-content/uploads/2025/07/Refly-logo.png,E:\PNG\site-58318.png
,,,,,
,,,,,
,,,,,
AI编程工具,CREAO,零代码AI应用开发平台，内置AI智能体,https://creao.ai/?utm_source=ai-bot.cn,https://ai-bot.cn/wp-content/uploads/2025/09/creao.ai-logo.png,E:\PNG\site-62299.png
,,,,,
,,,,,
,,,,,
AI创新工具,PPIO派欧云,AI云端一体化解决方案服务平台,https://ppio.cn/?utm_source=ai-bot.cn,https://ai-bot.cn/wp-content/uploads/2025/05/ppio-logo.png,E:\PNG\site-52953.png
AI创新工具,蚂蚁百宝箱Tbox,让AI应用的创作像呼吸一样简单,https://tbox.alipay.com/?utm_source=ai-bot.cn,https://ai-bot.cn/wp-content/uploads/2024/09/8581725368494_.pic_.jpg,E:\PNG\site-16414.png
AI视频工具,WaveSpeedAI,AI图像和AI视频生成加速服务平台,https://wavespeed.ai/?utm_source=ai-bot.cn,https://ai-bot.cn/wp-content/uploads/2025/08/WaveSpeedAI-logo.png,E:\PNG\site-60829.png
AI创新工具,模力方舟,AI应用共创平台，提供开发到部署一站式服务,https://ai.gitee.com/?utm_source=ai-bot.cn,https://ai-bot.cn/wp-content/uploads/2025/04/Gitee-AI-logo.png,E:\PNG\site-48043.png
AI创新工具,BigModel,智谱推出的大模型开发平台,https://bigmodel.cn,https://ai-bot.cn/wp-content/uploads/2024/08/BigModel-logo.png,E:\PNG\site-15446.png
AI创新工具,LongCat开放平台,美团推出的大模型API服务平台,https://longcat.chat/platform/?utm_source=ai-bot.cn,https://ai-bot.cn/wp-content/uploads/2025/09/LongCat-icon.png,E:\PNG\site-62159.png
AI创新工具,X-All in one,高性能、高性价比的 AI API 平台,https://www.x-aio.com/?utm_source=ai-bot.cn,https://ai-bot.cn/wp-content/uploads/2025/09/X-All-in-one-icon.png,E:\PNG\site-61576.png
AI创新工具,无问芯穹,AI大模型服务平台，提供从算力、模型到应用一站式服务,https://cloud.infini-ai.com/platform/ai?utm_source=ai-bot.cn,https://ai-bot.cn/wp-content/uploads/2024/12/Infinigence-logo-1.jpg,E:\PNG\site-34774.png
AI创新工具,胜算云,AI模型算力聚合平台，聚合全球100+大模型,https://www.shengsuanyun.com/?from=CH_SYUM912W,https://ai-bot.cn/wp-content/uploads/2025/08/shengsuanyun-logo.png,E:\PNG\site-60619.png
AI商业工具,智谱清流,智谱推出的企业级AI智能体开发平台,https://bigmodel.cn/agent?utm_campaign=aibot&_channel_track_key=vqYFLTGW,https://ai-bot.cn/wp-content/uploads/2024/11/qingliu-logo.png,E:\PNG\site-29524.png
AI创新工具,文心智能体平台,百度推出的智能体构建平台,https://agents.baidu.com/?utm_source=ai-bot.cn,https://ai-bot.cn/wp-content/uploads/2023/03/baidu-yiyan-icon.png,E:\PNG\site-11229.png
AI创新工具,SkyAgents,昆仑万维推出的 AI Agent 开发平台,https://model-platform-skyagents.tiangong.cn/home/agent,https://ai-bot.cn/wp-content/uploads/2023/08/tiangong-ai-search-icon.png,E:\PNG\site-24351.png
AI学习资源,AI大学堂,科大讯飞推出的在线AI学习平台,https://www.aidaxue.com/?ch=daxue_collection_1,https://ai-bot.cn/wp-content/uploads/2023/04/aidaxue-icon.png,E:\PNG\site-1450.png
AI学习资源,堆友AI学习,堆友AI推出的AI设计知识学习网站,https://d.design/study?from=ab13,https://ai-bot.cn/wp-content/uploads/2025/08/d.design-logo1.png,E:\PNG\site-61404.png
AI学习资源,AI分享圈,最好最全的AI免费资源分享网站,https://aisharenet.com,https://ai-bot.cn/wp-content/uploads/2025/08/Sharenet.ai-logo.png,E:\PNG\site-59568.png
,,,,,
AI学习资源,Day of AI,麻省理工学院（MIT）推出的免费AI学习平台,https://dayofai.org/?utm_source=ai-bot.cn,https://ai-bot.cn/wp-content/uploads/2024/12/Day-of-AI-logo-1.png,E:\PNG\site-36329.png
AI学习资源,fast.ai,免费开源的深度学习和AI学习网站，让每个人都参与到AI！,https://www.fast.ai,https://ai-bot.cn/wp-content/uploads/2023/04/fast-ai-icon.png,E:\PNG\site-1356.png
AI学习资源,学吧导航,学习爱好者首选的学霸导航网站,https://www.xue8nav.com/?utm_source=ai-bot.cn,https://ai-bot.cn/wp-content/uploads/2025/08/xue8nav-logo.png,E:\PNG\site-60386.png
AI学习资源,Coursera,知名MOOC平台，提供众多人工智能和机器学习课程,https://www.coursera.org/collections/best-machine-learning-ai?utm_source=ai-bot.cn,https://ai-bot.cn/wp-content/uploads/2023/03/coursera-icon.png,E:\PNG\site-22.png
AI学习资源,Elements of AI,免费在线AI通识学习课程,https://www.elementsofai.com/?utm_source=ai-bot.cn,https://ai-bot.cn/wp-content/uploads/2023/03/elements-of-ai-icon.png,E:\PNG\site-19.png
AI学习资源,DeepLearning.AI,深度学习和人工智能学习平台,https://www.deeplearning.ai/?utm_source=ai-bot.cn,https://ai-bot.cn/wp-content/uploads/2023/03/deeplearning-ai-icon.png,E:\PNG\site-18.png
AI学习资源,动手学深度学习,结合理论与实践的深度学习教材和课程,https://zh.d2l.ai/?utm_source=ai-bot.cn,https://ai-bot.cn/wp-content/uploads/2023/03/d2l-icon.png,E:\PNG\site-432.png
AI学习资源,MachineLearningMastery,免费在线的机器学习平台，提供从基础到高级全面教程,https://machinelearningmastery.com/?utm_source=ai-bot.cn,https://ai-bot.cn/wp-content/uploads/2023/03/machinelearningmastery-icon.png,E:\PNG\site-437.png
AI创新工具,Generative AI for Beginners,微软推出的面向初学者的免费生成式人工智能课程,https://microsoft.github.io/generative-ai-for-beginners/#/translation/cn,https://ai-bot.cn/wp-content/uploads/2023/11/genai-for-beginners-icon.png,E:\PNG\site-6039.png
AI编程工具,ML for Beginners,微软推出的免费开源的机器学习课程，GitHub标星7万+,https://microsoft.github.io/ML-For-Beginners/?utm_source=ai-bot.cn,https://ai-bot.cn/wp-content/uploads/2023/04/ml-for-beginners-icon.png,E:\PNG\site-1462.png
AI学习资源,Kaggle,机器学习和数据科学社区,https://www.kaggle.com,https://ai-bot.cn/wp-content/uploads/2023/03/kaggle-icon.png,E:\PNG\site-21.png
AI创新工具,神经网络入门,Brilliant推出的Introduction to Neural Networks课程,https://brilliant.org/courses/intro-neural-networks/?utm_source=ai-bot.cn,https://ai-bot.cn/wp-content/uploads/2025/07/brilliant-intro-neural-networks-website-2.png,E:\PNG\site-434.png
AI学习资源,Trancy,AI驱动的语言学习工具,https://trancy.org/zh-cn?referrer=65803e3f65752510b033ade9,https://ai-bot.cn/wp-content/uploads/2023/12/trancy-ai-icon.png,E:\PNG\site-6807.png
AI学习资源,Reading Coach,微软推出的免费个性化AI阅读学习教练,https://coach.microsoft.com/?ref=ai-bot.cn,https://ai-bot.cn/wp-content/uploads/2024/01/reading-coach-icon.png,E:\PNG\site-7785.png
AI学习资源,飞桨AI Studio,百度推出的AI学习与实训社区,https://aistudio.baidu.com,https://ai-bot.cn/wp-content/uploads/2023/03/paddlepaddle-icon.png,E:\PNG\site-23.png
AI编程工具,腾讯扣叮,腾讯推出的青少年编程教育平台,https://coding.qq.com/?utm_source=ai-bot.cn,https://ai-bot.cn/wp-content/uploads/2024/10/qqcoding-website-1.png,E:\PNG\site-26659.png
AI学习资源,阿里云AI学习路线,阿里云推出的人工智能学习路线（学+测）,https://developer.aliyun.com/learning/roadmap/ai,https://ai-bot.cn/wp-content/uploads/2023/03/aliyun-icon.png,E:\PNG\site-1057.png
AI教育工具,Udacity AI学院,Udacity推出的School of AI，从入门到高级,https://www.udacity.com/school/artificial-intelligence?utm_source=ai-bot.cn,https://ai-bot.cn/wp-content/uploads/2025/07/Udacity-AI-school-website1.png,E:\PNG\site-1055.png
AI学习资源,Google AI,Google AI学习平台,https://ai.google,https://ai-bot.cn/wp-content/uploads/2023/03/google-ai-icon.png,E:\PNG\site-20.png
AI学习资源,ShowMeAI知识社区,人工智能领域的资料库和学习社区,https://www.showmeai.tech/?ref=ai-bot.cn,https://ai-bot.cn/wp-content/uploads/2023/04/showmeai-icon.png,E:\PNG\site-1444.png
AI创新工具,txyz,AI文献阅读和学术研究辅助平台,https://www.txyz.ai/?utm_source=ai-bot.cn,https://ai-bot.cn/wp-content/uploads/2024/04/txyz-ai-icon.png,E:\PNG\site-11135.png
AI创新工具,Ollama,本地运行Llama和其他大语言模型,https://ollama.ai/?ref=ai-bot.cn,https://ai-bot.cn/wp-content/uploads/2023/12/ollama-icon.png,E:\PNG\site-5973.png
AI创新工具,Cherry Studio,开源全能 AI 客户端助手,https://www.cherry-ai.com/?utm_source=ai-bot.cn,https://ai-bot.cn/wp-content/uploads/2025/02/CherryStudio-logo.png,E:\PNG\site-60108.png
,,,,,
,,,,,
,,,,,
,,,,,
AI创新工具,无阶未来,AI应用与弹性算网平台,https://www.aivinla.com/register?code=85307444,https://ai-bot.cn/wp-content/uploads/2025/05/aivinla-logo.png,E:\PNG\site-50603.png
AI创新工具,Llama 3,Meta最新开源推出的新一代大模型,https://llama.meta.com/llama3/?utm_source=ai-bot.cn,https://ai-bot.cn/wp-content/uploads/2023/03/meta-icon.png,E:\PNG\site-11341.png
AI创新工具,Gemma,谷歌推出的新一代轻量级开放模型,https://ai.google.dev/gemma?hl=zh-cn,https://ai-bot.cn/wp-content/uploads/2024/02/google-gemma-icon.png,E:\PNG\site-8623.png
AI视频工具,豆包大模型,字节跳动推出的AI大模型家族，包括视频生成、语音视觉、通用语言模型等,https://www.volcengine.com/product/doubao?utm_source=ai-bot.cn,https://ai-bot.cn/wp-content/uploads/2024/09/doubao-llm-logo1.png,E:\PNG\site-22232.png
AI创新工具,腾讯混元大模型,腾讯研发的大语言模型，具备强大的中文创作能力，复杂语境下的逻辑推理能力，以及可靠的任务执行能力,https://hunyuan.tencent.com/?utm_source=ai-bot.cn,https://ai-bot.cn/wp-content/uploads/2023/09/hunyuan-tencent-icon.png,E:\PNG\site-4558.png
A聊天机器人,GPT-4,OpenAI旗下最新的GPT-4模型,,https://ai-bot.cn/wp-content/uploads/2024/02/gpt-4-icon.png,E:\PNG\site-49.png
AI创新工具,DALL·E 3,OpenAI旗下最新的图像生成模型,,https://ai-bot.cn/wp-content/uploads/2023/03/dall-e-2-icon.png,E:\PNG\site-50.png
AI创新工具,文心大模型,百度推出的产业级知识增强大模型,https://wenxin.baidu.com,https://ai-bot.cn/wp-content/uploads/2023/03/paddlepaddle-icon.png,E:\PNG\site-1078.png
AI创新工具,LLaMA,Meta（Facebook）推出的AI大语言模型,https://github.com/facebookresearch/llama,https://ai-bot.cn/wp-content/uploads/2023/03/meta-icon.png,E:\PNG\site-54.png
AI编程工具,AutoGPT,爆火的实现GPT-4完全自主的实验性开源项目，GitHub超10万星,https://agpt.co/?utm_source=ai-bot.cn,https://ai-bot.cn/wp-content/uploads/2025/07/AutoGPT-logo.png,E:\PNG\site-1626.png
AI创新工具,Jan,本地运行大模型并进行AI对话的工具，免费开源,https://jan.ai/?ref=ai-bot.cn,https://ai-bot.cn/wp-content/uploads/2024/01/jan-ai-icon.png,E:\PNG\site-7412.png
A聊天机器人,AgentGPT,在浏览器中组装、配置和部署自主人工智能的开源项目,https://agentgpt.reworkd.ai/?utm_source=ai-bot.cn,https://ai-bot.cn/wp-content/uploads/2025/07/AgentGPT-logo.png,E:\PNG\site-1623.png
AI创新工具,魔搭社区,阿里达摩院推出的AI模型社区，超过300+开源AI模型,https://www.modelscope.cn/?utm_source=ai-bot.cn,https://ai-bot.cn/wp-content/uploads/2023/04/modelscope-icon.png,E:\PNG\site-1487.png
AI创新工具,悟道,智源“悟道”大模型，中国首个+世界最大人工智能大模型,https://www.baai.ac.cn/portal/article/index/cid/49/id/518.html,https://ai-bot.cn/wp-content/uploads/2023/03/wudao-icon.png,E:\PNG\site-1083.png
AI视频工具,MiracleVision奇想智能,美图推出的AI视觉大模型，支持AI图像、设计和视频创作,https://www.miraclevision.com/?ref=ai-bot.cn,https://ai-bot.cn/wp-content/uploads/2023/12/miraclevision-icon.png,E:\PNG\site-6279.png
AI学习资源,Gradio,开源的搭建机器学习模型UI界面的Python库,https://gradio.app,https://ai-bot.cn/wp-content/uploads/2023/05/gradio-icon.png,E:\PNG\site-2147.png
AI创新工具,DeepFloyd IF,StabilityAI旗下的DeepFloyd团队推出的图片生成模型,https://deepfloyd.ai/deepfloyd-if,https://ai-bot.cn/wp-content/uploads/2023/05/deepfloyd-icon.png,E:\PNG\site-2141.png
AI创新工具,Cohere,构建AI产品的大语言模型平台,https://cohere.com,https://ai-bot.cn/wp-content/uploads/2023/05/cohere-icon.png,E:\PNG\site-2452.png
AI创新工具,序列猴子,出门问问推出的一款超大规模的语言模型,https://openapi.mobvoi.com/index,https://ai-bot.cn/wp-content/uploads/2023/04/openapi-mobvoi-icon.png,E:\PNG\site-1933.png
AI创新工具,BLOOM,HuggingFace推出的大型语言模型（LLM）,https://huggingface.co/docs/transformers/model_doc/bloom,https://ai-bot.cn/wp-content/uploads/2023/03/bloom-icon.png,E:\PNG\site-51.png
AI创新工具,阿里巴巴M6,阿里巴巴达摩院推出的超大规模中文预训练模型(M6),https://m6.aliyun.com/#,https://ai-bot.cn/wp-content/uploads/2023/03/aliyun-icon.png,E:\PNG\site-1079.png
AI创新工具,MMLU,大规模多任务语言理解基准,https://paperswithcode.com/sota/multi-task-language-understanding-on-mmlu,https://ai-bot.cn/wp-content/uploads/2023/11/mmlu-benchmark-icon.png,E:\PNG\site-5434.png
AI创新工具,Open LLM Leaderboard,Hugging Face推出的开源大模型排行榜单,https://huggingface.co/spaces/HuggingFaceH4/open_llm_leaderboard?utm_source=ai-bot.cn,https://ai-bot.cn/wp-content/uploads/2023/03/huggingface-icon.png,E:\PNG\site-5435.png
AI创新工具,C-Eval,一个全面的中文基础模型评估套件,https://cevalbenchmark.com/index_zh.html#home_zh?utm_source=ai-bot.cn,https://ai-bot.cn/wp-content/uploads/2023/11/c-eval-icon.png,E:\PNG\site-5433.png
AI创新工具,FlagEval,智源研究院推出的FlagEval（天秤）大模型评测平台,https://flageval.baai.ac.cn/#/trending,https://ai-bot.cn/wp-content/uploads/2023/11/flageval-icon.png,E:\PNG\site-5442.png
AI创新工具,AI Ping,AI大模型服务性能评测平台,https://aiping.cn/?utm_source=ai-bot.cn,https://ai-bot.cn/wp-content/uploads/2025/09/AI-Ping-logo.png,E:\PNG\site-61493.png
AI创新工具,SuperCLUE,中文通用大模型综合性测评基准,https://www.cluebenchmarks.com/static/superclue.html?utm_source=ai-bot.cn,https://ai-bot.cn/wp-content/uploads/2023/11/superclue-icon.png,E:\PNG\site-5437.png
AI创新工具,AGI-Eval,AI大模型评测社区,https://agi-eval.cn/mvp/home?sourcePage=ai-bot.cn,https://ai-bot.cn/wp-content/uploads/2024/12/AGI-Eval-logo.png,E:\PNG\site-34764.png
AI创新工具,OpenCompass,上海人工智能实验室推出的大模型开放评测体系,https://opencompass.org.cn/leaderboard-llm?utm_source=ai-bot.cn,https://ai-bot.cn/wp-content/uploads/2023/11/opencompass-icon.png,E:\PNG\site-5443.png
AI创新工具,CMMLU,一个综合性的大模型中文评估基准,https://github.com/haonan-li/CMMLU,https://ai-bot.cn/wp-content/uploads/2023/11/cmmlu-benchmark-icon.png,E:\PNG\site-5436.png
AI创新工具,MMBench,全方位的多模态大模型能力评测体系,https://mmbench.opencompass.org.cn/?utm_source=ai-bot.cn,https://ai-bot.cn/wp-content/uploads/2023/11/mmbench-icon.png,E:\PNG\site-5444.png
AI创新工具,HELM,斯坦福大学推出的大模型评测体系,https://crfm.stanford.edu/helm/latest/?utm_source=ai-bot.cn,https://ai-bot.cn/wp-content/uploads/2023/11/helm-benchmark.png,E:\PNG\site-5447.png
AI创新工具,LMArena,AI模型评估平台,https://lmarena.ai/?utm_source=ai-bot.cn,https://ai-bot.cn/wp-content/uploads/2025/07/LMArena-website.png,E:\PNG\site-5441.png
AI创新工具,LLMEval3,由复旦大学NLP实验室推出的大模型评测基准,http://llmeval.com/index,https://ai-bot.cn/wp-content/uploads/2023/11/llm-eval-icon.png,E:\PNG\site-5448.png
A聊天机器人,H2O EvalGPT,H2O.ai推出的基于Elo评级方法的大模型评估系统,https://evalgpt.ai,https://ai-bot.cn/wp-content/uploads/2023/11/h2o-evalgpt-icon.png,E:\PNG\site-5446.png
AI创新工具,PubMedQA,生物医学研究问答数据集和模型得分排行榜,https://pubmedqa.github.io/?utm_source=ai-bot.cn,https://ai-bot.cn/wp-content/uploads/2023/11/pubmedqa-icon.png,E:\PNG\site-5477.png
,,,,,
A聊天机器人,GPTZero,超过百万人都在用的免费AI内容检测工具,https://gptzero.me,https://ai-bot.cn/wp-content/uploads/2023/11/gptzero-icon-new.png,E:\PNG\site-395.png
A聊天机器人,StudyCorgi ChatGPT Detector,免费的检测论文是否由ChatGPT生成的工具,https://studycorgi.com/free-writing-tools/chat-gpt-detector,https://ai-bot.cn/wp-content/uploads/2023/03/studycorgi-icon.png,E:\PNG\site-411.png
AI创新工具,AISEO AI Content Detector,AISEO推出的AI内容检测器,https://aiseo.ai/tools/ai-content-detector.html,https://ai-bot.cn/wp-content/uploads/2023/03/aiseo-ai-icon.png,E:\PNG\site-408.png
AI创新工具,Proofig,AI检测科研图像是否造假抄袭,https://www.proofig.com/?ref=ai-bot.cn,https://ai-bot.cn/wp-content/uploads/2024/01/proofig-ai-icon.png,E:\PNG\site-7189.png
AI创新工具,Writecream AI Content Detector,Writecream推出的AI内容检测工具,https://www.writecream.com/ai-content-detector,https://ai-bot.cn/wp-content/uploads/2023/03/writecream-icon.png,E:\PNG\site-407.png
AI创新工具,Smodin AI Content Detector,多语种AI内容检测工具,https://smodin.io/ai-content-detector,https://ai-bot.cn/wp-content/uploads/2023/03/smodin-icon.png,E:\PNG\site-406.png
AI创新工具,Sapling AI Content Detector,Sapling.ai推出的免费在线AI内容检测工具,https://sapling.ai/utilities/ai-content-detector,https://ai-bot.cn/wp-content/uploads/2023/03/sapling-ai-icon.png,E:\PNG\site-396.png
AI创新工具,挖错网,AI内容审核校对平台，一键检测内容自动纠错,https://wacuowang.com,https://ai-bot.cn/wp-content/uploads/2025/04/wacuowang-logo-1.png,E:\PNG\site-47103.png
AI创新工具,团象,AI内容检测与优化平台,https://xueshu.tuanxiang.com/?utm_source=ai-bot.cn,https://ai-bot.cn/wp-content/uploads/2025/07/xueshu.tuanxiang-website2.png,E:\PNG\site-16912.png
AI创新工具,AI Content Detector,Writer推出的AI内容检测工具,https://writer.com/ai-content-detector,https://ai-bot.cn/wp-content/uploads/2023/03/writer-icon.png,E:\PNG\site-393.png
AI创新工具,Originality.AI,原创度和AI内容检测,https://originality.ai,https://ai-bot.cn/wp-content/uploads/2023/03/originality-ai-icon.png,E:\PNG\site-180.png
AI写作工具,CopyLeaks,AI内容检测和分级,https://copyleaks.com,https://ai-bot.cn/wp-content/uploads/2023/03/copyleaks-icon.png,E:\PNG\site-169.png
AI创新工具,Winston AI,强大的AI内容检测解决方案,https://gowinston.ai,https://ai-bot.cn/wp-content/uploads/2023/03/winston-ai-icon.png,E:\PNG\site-156.png
AI创新工具,CheckforAi,免费在线检测AI内容工具,https://checkforai.com/?utm_source=ai-bot.cn,https://ai-bot.cn/wp-content/uploads/2023/03/checkforai-icon.png,E:\PNG\site-599.png
,,,,,
AI创新工具,提示工程指南,提示工程指南（Prompt Engine...,https://www.promptingguide.ai/zh,https://ai-bot.cn/wp-content/uploads/2023/06/prompt-engineering-guide-icon.png,E:\PNG\site-2818.png
AI创新工具,Google AI提示词库,谷歌推出的AI提示词库,https://cloud.google.com/vertex-ai/generative-ai/docs/prompt-gallery?utm_source=ai-bot.cn,https://ai-bot.cn/wp-content/uploads/2025/09/Google-Cloud-prompt-gallery-logo.png,E:\PNG\site-61488.png
AI创新工具,PromptPerfect,PromptPerfect 是一款专业好...,https://promptperfect.jinaai.cn/?utm_source=ai-bot.cn,https://ai-bot.cn/wp-content/uploads/2023/10/promptperfect-icon.png,E:\PNG\site-4963.png
AI绘画工具,Stable Diffusion Prompt Book,OpenArt平台推出的免费提示词指南手册,https://openart.ai/promptbook,https://ai-bot.cn/wp-content/uploads/2023/03/openart-ai-icon.png,E:\PNG\site-767.png
AI搜索引擎,PromptHero,AI提示词优化与搜索平台,https://prompthero.com,https://ai-bot.cn/wp-content/uploads/2023/03/prompt-hero-icon.png,E:\PNG\site-743.png
AI创新工具,ClickPrompt,在线AI提示词设计工具,https://prompt.phodal.com,https://ai-bot.cn/wp-content/uploads/2023/03/clickprompt-icon.png,E:\PNG\site-756.png
AI创新工具,AI Prompt Generator,AI Prompt Generator是什么 A...,https://www.aipromptgenerator.net/zh?utm_source=ai-bot.cn,https://ai-bot.cn/wp-content/uploads/2024/10/AI-Prompt-Generator-logo.png,E:\PNG\site-23110.png
AI创新工具,AI Short,AI提示词管理和共享平台，多种场景的快捷指令,https://www.aishort.top/?utm_source=ai-bot.cn,https://ai-bot.cn/wp-content/uploads/2024/10/AI-Short-logo.png,E:\PNG\site-23106.png
A聊天机器人,LangGPT,LangGPT是什么 LangGPT是一种...,https://github.com/langgptai/LangGPT,https://ai-bot.cn/wp-content/uploads/2024/10/LangGPT-logo1.png,E:\PNG\site-23101.png
AI创新工具,Generrated,AI提示词参考平台,https://generrated.com/?utm_source=ai-bot.cn,https://ai-bot.cn/wp-content/uploads/2023/04/generrated-icon.png,E:\PNG\site-1279.png
AI创新工具,PublicPrompts,PublicPrompts是什么 PublicP...,https://publicprompts.art,https://ai-bot.cn/wp-content/uploads/2023/03/public-prompts-icon.png,E:\PNG\site-795.png
AI创新工具,Snack Prompt,输入正确的提示词，可以让Cha...,https://snackprompt.com/?ref=ai-bot.cn,https://ai-bot.cn/wp-content/uploads/2023/04/snack-prompt-icon.png,E:\PNG\site-1899.png
AI创新工具,AIPRM,AI 提示词库和提示词管理工具,https://www.aiprm.com/?utm_source=ai-bot.cn,https://ai-bot.cn/wp-content/uploads/2023/03/aiprm-icon.png,E:\PNG\site-749.png
AI创新工具,PromptFolder,AI提示词生成和管理工具,https://prompt.noonshot.com/?utm_source=ai-bot.cn,https://ai-bot.cn/wp-content/uploads/2025/07/PromptFolder-logo.png,E:\PNG\site-760.png
AI创新工具,AI Prompt Genius,AI提示词库创建和管理工具,https://www.aipromptgenius.app/?utm_source=ai-bot.cn,https://ai-bot.cn/wp-content/uploads/2023/03/chatgpt-prompt-genius-icon.png,E:\PNG\site-748.png
,,,,,
AI学习资源,AI Prompt Library,免费的AI 提示词资源平台,https://moxby.com/ai-prompt-library?utm_source=ai-bot.cn,https://ai-bot.cn/wp-content/uploads/2023/03/promptvine-icon.png,E:\PNG\site-747.png
A聊天机器人,Awesome ChatGPT Prompts,AI提示词收集和整理工具,https://prompts.chat/?utm_source=ai-bot.cn,https://ai-bot.cn/wp-content/uploads/2023/03/awesome-chatgpt-prompt-icon.png,E:\PNG\site-746.png
AI学习资源,Learning Prompt,免费的AI提示词学习平台,https://learningprompt.wiki/?utm_source=ai-bot.cn,https://ai-bot.cn/wp-content/uploads/2023/03/learning-prompt-icon.png,E:\PNG\site-744.png
